Student ID,Subject,Study Hours,Score,Attendance
S0001,Math,3.2,50.2,71
S0002,Science,7.4,80.2,91
S0003,English,2.9,58.7,71
S0004,Math,1.7,45.2,88
S0005,Science,4.4,61.3,88
S0006,English,3.2,55.4,82
S0007,Math,4.6,56.1,85
S0008,Science,5.9,73.5,92
S0009,English,2.4,46.6,92
S0010,Math,2.0,56.2,82
S0011,Science,9.7,92.7,97
S0012,English,9.6,94.8,65
S0013,Math,9.5,80.9,96
S0014,Science,4.8,59.4,99
S0015,English,3.2,49.0,66
S0016,Math,8.7,76.6,80
S0017,Science,8.3,76.5,71
S0018,English,3.2,51.0,93
S0019,Math,1.9,51.9,99
S0020,Science,4.4,69.8,81
S0021,English,3.7,66.0,99
S0022,Math,8.7,76.6,69
S0023,Science,4.8,65.3,98
S0024,English,5.1,72.4,69
S0025,Math,8.9,90.6,88
S0026,Science,9.4,80.7,73
S0027,English,6.7,69.7,96
S0028,Math,9.8,83.6,93
S0029,Science,6.0,68.9,67
S0030,English,7.7,85.3,80
S0031,Math,8.8,89.0,82
S0032,Science,4.1,65.6,79
S0033,English,5.6,70.9,99
S0034,Math,7.6,75.0,97
S0035,Science,7.5,81.4,77
S0036,English,7.0,72.2,83
S0037,Math,8.5,79.4,78
S0038,Science,2.5,45.9,97
S0039,English,2.3,44.2,95
S0040,Math,4.6,57.4,65
S0041,Science,5.1,70.3,98
S0042,English,9.1,89.4,95
S0043,Math,1.7,45.1,82
S0044,Science,4.0,59.5,68
S0045,English,5.3,73.6,84
S0046,Math,1.3,43.9,90
S0047,Science,6.8,68.2,94
S0048,English,3.3,49.8,66
S0049,Math,8.6,84.9,80
S0050,Science,7.5,81.9,75
S0051,English,6.3,76.8,80
S0052,Math,4.1,59.4,88
S0053,Science,9.0,84.4,74
S0054,English,6.3,68.7,80
S0055,Math,1.3,52.1,76
S0056,Science,1.8,52.5,96
S0057,English,4.6,58.9,88
S0058,Math,7.5,74.5,99
S0059,Science,6.4,79.7,77
S0060,English,3.6,65.1,96
S0061,Math,2.0,43.0,96
S0062,Science,7.9,81.2,79
S0063,English,1.5,54.9,71
S0064,Math,1.0,44.2,95
S0065,Science,8.1,82.5,77
S0066,English,7.7,79.6,83
S0067,Math,6.4,78.2,85
S0068,Science,8.4,83.2,76
S0069,English,5.2,64.5,85
S0070,Math,1.8,45.0,72
S0071,Science,4.3,65.6,93
S0072,English,9.8,90.7,80
S0073,Math,9.5,89.9,74
S0074,Science,2.7,55.1,73
S0075,English,8.5,83.8,96
S0076,Math,9.8,84.8,89
S0077,Science,9.8,88.9,67
S0078,English,4.7,66.0,74
S0079,Math,4.4,59.1,96
S0080,Science,9.8,93.2,71
S0081,English,3.2,54.6,76
S0082,Math,5.1,68.2,94
S0083,Science,7.2,75.3,84
S0084,English,1.2,51.3,90
S0085,Math,8.0,75.7,87
S0086,Science,1.4,51.6,67
S0087,English,8.9,82.4,97
S0088,Math,5.2,59.2,79
S0089,Science,3.4,51.0,88
S0090,English,9.0,86.0,79
S0091,Math,3.7,58.4,71
S0092,Science,9.0,87.5,96
S0093,English,9.8,86.9,87
S0094,Math,9.7,81.3,86
S0095,Science,4.0,54.4,65
S0096,English,4.2,65.6,85
S0097,Math,5.6,61.7,97
S0098,Science,10.0,95.6,92
S0099,English,3.5,59.6,100
S0100,Math,8.7,85.9,100
S0101,Science,1.9,48.3,81
S0102,English,8.3,82.4,100
S0103,Math,6.4,69.6,97
S0104,Science,3.0,53.9,100
S0105,English,1.3,42.9,84
S0106,Math,1.8,49.5,89
S0107,Science,2.4,53.9,70
S0108,English,4.9,61.0,96
S0109,Math,7.9,83.7,83
S0110,Science,1.6,53.8,67
S0111,English,2.0,42.3,85
S0112,Math,6.3,71.9,90
S0113,Science,2.7,57.9,87
S0114,English,2.6,57.4,96
S0115,Math,8.8,86.0,74
S0116,Science,5.2,58.6,88
S0117,English,6.0,74.7,67
S0118,Math,9.8,82.3,76
S0119,Science,4.5,66.9,68
S0120,English,9.7,90.1,74
S0121,Math,3.8,57.0,86
S0122,Science,4.3,59.3,76
S0123,English,5.6,68.6,98
S0124,Math,8.3,76.1,93
S0125,Science,3.1,51.3,95
S0126,English,9.7,93.6,73
S0127,Math,3.6,62.2,82
S0128,Science,4.7,61.8,88
S0129,English,2.2,47.6,95
S0130,Math,9.5,89.2,92
S0131,Science,2.0,56.5,99
S0132,English,4.7,66.1,70
S0133,Math,1.4,45.2,88
S0134,Science,2.2,48.6,86
S0135,English,8.0,79.3,83
S0136,Math,1.3,48.9,83
S0137,Science,7.7,84.8,89
S0138,English,4.9,72.4,76
S0139,Math,7.2,73.6,67
S0140,Science,5.6,72.0,75
S0141,English,4.3,68.7,67
S0142,Math,6.8,70.0,72
S0143,Science,2.9,56.3,96
S0144,English,7.0,78.4,100
S0145,Math,2.1,45.7,73
S0146,Science,3.8,67.0,95
S0147,English,5.7,62.6,100
S0148,Math,2.5,49.7,79
S0149,Science,3.7,59.0,97
S0150,English,8.4,74.5,67
S0151,Math,9.0,85.7,84
S0152,Science,2.8,55.7,85
S0153,English,2.0,45.9,72
S0154,Math,8.3,88.4,85
S0155,Science,5.5,75.0,78
S0156,English,4.9,70.6,88
S0157,Math,5.5,71.7,82
S0158,Science,7.8,74.2,97
S0159,English,2.3,58.4,85
S0160,Math,6.1,70.1,66
S0161,Science,8.0,84.4,79
S0162,English,6.2,74.2,77
S0163,Math,8.9,88.3,68
S0164,Science,5.1,66.0,99
S0165,English,3.5,54.3,84
S0166,Math,3.6,59.2,99
S0167,Science,4.1,59.6,81
S0168,English,7.7,74.3,68
S0169,Math,7.9,71.6,100
S0170,Science,6.8,80.5,70
S0171,English,9.4,79.6,90
S0172,Math,9.4,84.4,94
S0173,Science,4.0,63.7,81
S0174,English,8.4,82.2,70
S0175,Math,7.8,86.3,84
S0176,Science,2.4,55.0,84
S0177,English,4.4,65.2,95
S0178,Math,1.7,49.5,68
S0179,Science,2.8,55.3,70
S0180,English,8.3,85.1,90
S0181,Math,9.4,80.1,95
S0182,Science,8.8,90.5,89
S0183,English,2.1,58.2,65
S0184,Math,4.1,56.9,72
S0185,Science,1.3,48.1,68
S0186,English,8.3,85.2,85
S0187,Math,3.7,51.5,76
S0188,Science,4.7,60.3,76
S0189,English,4.7,62.2,98
S0190,Math,1.5,45.5,67
S0191,Science,9.6,80.2,77
S0192,English,9.2,86.8,83
S0193,Math,5.2,71.4,78
S0194,Science,4.8,58.4,86
S0195,English,6.8,73.8,75
S0196,Math,9.6,88.4,69
S0197,Science,3.0,54.3,68
S0198,English,7.5,78.1,83
S0199,Math,3.2,57.9,81
S0200,Science,3.7,63.7,70
S0201,English,2.5,52.5,92
S0202,Math,9.0,84.6,67
S0203,Science,9.7,89.9,90
S0204,English,7.8,73.2,70
S0205,Math,4.6,67.4,66
S0206,Science,7.9,76.2,80
S0207,English,2.0,42.1,84
S0208,Math,1.9,42.9,100
S0209,Science,9.1,93.2,98
S0210,English,5.4,60.2,81
S0211,Math,4.0,61.9,86
S0212,Science,3.8,66.4,85
S0213,English,4.3,68.4,77
S0214,Math,8.5,75.6,91
S0215,Science,5.0,66.6,90
S0216,English,6.7,66.9,80
S0217,Math,2.0,43.6,79
S0218,Science,5.5,65.0,66
S0219,English,5.7,66.1,71
S0220,Math,7.1,70.1,80
S0221,Science,2.7,56.0,90
S0222,English,6.2,75.8,99
S0223,Math,4.5,60.8,72
S0224,Science,2.2,44.9,84
S0225,English,5.4,67.6,76
S0226,Math,2.2,56.0,100
S0227,Science,8.2,76.5,67
S0228,English,3.4,57.7,88
S0229,Math,7.8,75.8,67
S0230,Science,4.2,64.4,92
S0231,English,2.5,60.2,83
S0232,Math,9.3,94.4,73
S0233,Science,2.3,53.6,91
S0234,English,9.6,85.2,65
S0235,Math,3.0,53.9,78
S0236,Science,7.9,72.2,94
S0237,English,8.9,81.3,82
S0238,Math,7.8,77.9,70
S0239,Science,7.3,81.6,92
S0240,English,2.2,55.4,73
